,word
0,black
1,calle
2,reyes
3,saxon
4,oskar
5,dodds
6,debby
7,field
8,howes
9,cindy
10,grupo
11,idler
12,plume
13,capel
14,drone
15,tcsec
16,acres
17,sushi
18,sorry
19,aloft
20,filly
21,scaly
22,price
23,leach
24,fabio
25,burch
26,meter
27,hoare
28,altho
29,astro
30,heavy
31,farms
32,truce
33,humid
34,stray
35,milne
36,fiend
37,trump
38,arial
39,zaire
40,laing
41,equal
42,enact
43,thurs
44,turbo
45,tease
46,lucca
47,innit
48,nirex
49,latch
50,press
51,prise
52,rumen
53,notes
54,nafta
55,pines
56,slide
57,sweep
58,hydra
59,maize
60,throb
61,dowse
62,coast
63,dphil
64,minis
65,pupil
66,serie
67,award
68,conan
69,maddy
70,psych
71,caird
72,idiom
73,ulcer
74,retro
75,chest
76,gamma
77,patti
78,gaudy
79,inset
80,storr
81,route
82,timmy
83,cloud
84,learn
85,chore
86,exude
87,adorn
88,dobbs
89,usdaw
90,tosca
91,quake
92,aviva
93,alina
94,levin
95,offer
96,bread
97,cower
98,royle
99,mecca
100,covet
101,among
102,wolff
103,clore
104,greig
105,prank
106,twang
107,endif
108,stour
109,shiva
110,poker
111,demos
112,tommy
113,curve
114,bowen
115,mairi
116,fodor
117,caddy
118,lilac
119,nasty
120,yusuf
121,pathe
122,humor
123,privy
124,posit
125,morfa
126,ukaea
127,parse
128,dusky
129,build
130,holme
131,heads
132,boron
133,gonna
134,rebut
135,motor
136,molly
137,palau
138,dubai
139,xanax
140,tobin
141,poppy
142,askew
143,rolls
144,oprah
145,nails
146,didst
147,selva
148,teifi
149,cyril
150,maxim
151,easel
152,norma
153,ailsa
154,leger
155,becks
156,conga
157,cumin
158,obese
159,marco
160,larry
161,cdrps
162,senna
163,clive
164,coral
165,lawns
166,crypt
167,genre
168,terra
169,botox
170,chute
171,zaman
172,tenet
173,seeds
174,evoke
175,flair
176,recap
177,unset
178,soggy
179,loves
180,bodie
181,freda
182,faroe
183,lapel
184,speer
185,ghana
186,pepsi
187,haifa
188,apacs
189,mundy
190,hadnt
191,costs
192,kiely
193,jules
194,vocal
195,winch
196,diode
197,dirty
198,hasan
199,bowls
200,panel
201,papal
202,prodi
203,idaho
204,xviii
205,mores
206,lofts
207,pivot
208,orson
209,leads
210,bafta
211,grebe
212,malay
213,slots
214,clout
215,trend
216,purse
217,aries
218,union
219,rower
220,drake
221,wyeth
222,grind
223,mimic
224,skate
225,boats
226,roald
227,earle
228,feeds
229,cigar
230,attic
231,poach
232,jetty
233,lairg
234,donna
235,shirk
236,white
237,ether
238,hurst
239,qaida
240,ranma
241,cache
242,jerky
243,menin
244,flume
245,abbie
246,astra
247,timid
248,anzac
249,youll
250,larne
251,benji
252,mlitt
253,dryer
254,lindy
255,pygmy
256,corel
257,bernd
258,dinas
259,massa
260,ucisa
261,mowat
262,color
263,agent
264,plump
265,alley
266,dimer
267,ghoul
268,weave
269,depot
270,quell
271,oncol
272,scout
273,bevel
274,coach
275,juicy
276,crews
277,coleg
278,hello
279,shaky
280,sonar
281,illus
282,boone
283,parma
284,baulk
285,divan
286,indie
287,twirl
288,wimax
289,satan
290,angry
291,greed
292,resin
293,surge
294,tower
295,coyle
296,blurt
297,docks
298,budge
299,stoat
300,brigg
301,jayne
302,spine
303,steps
304,india
305,noise
306,dutch
307,croat
308,blair
309,bevan
310,fargo
311,pansy
312,climb
313,chuan
314,saleh
315,hardy
316,mundo
317,airey
318,delta
319,shefc
320,anton
321,doris
322,wolfe
323,genoa
324,serge
325,pager
326,booty
327,copse
328,gigha
329,begin
330,rosat
331,sinus
332,varna
333,jenin
334,dhtml
335,tears
336,rowan
337,maria
338,cambs
339,paris
340,birdy
341,rigor
342,solly
343,floyd
344,sioux
345,horus
346,scant
347,giddy
348,davis
349,forgo
350,cruse
351,glint
352,acute
353,nader
354,gites
355,fancy
356,gazza
357,amuse
358,packs
359,realm
360,musty
361,angie
362,bribe
363,spode
364,rudge
365,kinks
366,movie
367,whisk
368,knapp
369,faade
370,bruce
371,dives
372,amber
373,mirza
374,these
375,wider
376,kills
377,swine
378,derby
379,scald
380,today
381,nasal
382,benin
383,unhcr
384,hogan
385,scapa
386,ogden
387,radar
388,plant
389,genet
390,oakes
391,mehta
392,huish
393,porta
394,chuff
395,machu
396,neots
397,flett
398,crush
399,gates
400,dummy
401,swets
402,haile
403,esect
404,miele
405,score
406,eilat
407,enema
408,bront
409,goody
410,amaze
411,rupee
412,bawdy
413,booze
414,beech
415,darpa
416,putin
417,thong
418,facie
419,maris
420,lower
421,pratt
422,sworn
423,foggy
424,clove
425,arise
426,spoke
427,crime
428,sleet
429,goose
430,groom
431,menai
432,glove
433,utero
434,grass
435,meade
436,alibi
437,spend
438,lunar
439,korea
440,clump
441,museo
442,usual
443,myers
444,savoy
445,ripon
446,horny
447,cycle
448,wring
449,savvy
450,abide
451,ninth
452,adult
453,citys
454,nimhe
455,lynda
456,carey
457,myths
458,bratz
459,bloor
460,kappa
461,ahmad
462,kegan
463,hence
464,axiom
465,picts
466,burma
467,jonny
468,marsh
469,dalai
470,catch
471,yeats
472,venus
473,wiper
474,izmir
475,rhino
476,quirk
477,treat
478,wicks
479,lines
480,beach
481,actor
482,frith
483,rocky
484,potts
485,lager
486,pepys
487,maori
488,knott
489,xenon
490,beers
491,gordy
492,alain
493,fools
494,unmet
495,smile
496,beige
497,dwyer
498,swipe
499,shelf
500,gules
501,torah
502,leeds
503,sells
504,aptly
505,stash
506,ginny
507,bison
508,bowel
509,clean
510,hadas
511,ankle
512,haiti
513,tanya
514,loved
515,shape
516,owned
517,cdrom
518,keith
519,wards
520,islam
521,folds
522,doggy
523,lleyn
524,molar
525,stair
526,jesus
527,needy
528,arras
529,brawl
530,friel
531,whiff
532,garry
533,libre
534,stain
535,crabs
536,cafes
537,mphil
538,wilks
539,comes
540,anglo
541,nikon
542,viral
543,vigor
544,whoop
545,leash
546,gears
547,brady
548,mount
549,turin
550,theme
551,chant
552,ports
553,toefl
554,logos
555,cheng
556,hyped
557,tubes
558,serco
559,roach
560,roque
561,abram
562,foyer
563,sheen
564,copac
565,amish
566,hosea
567,platt
568,vomit
569,seven
570,showy
571,scott
572,crate
573,emory
574,shute
575,dowie
576,coupe
577,tikka
578,junta
579,eight
580,keele
581,yates
582,folio
583,riser
584,hindi
585,rinse
586,goran
587,faber
588,jewry
589,seoul
590,grate
591,combi
592,earls
593,prweb
594,asdan
595,piers
596,salon
597,whine
598,sykes
599,cease
600,mayor
601,marty
602,heidi
603,ssees
604,icons
605,howie
606,crewe
607,bigot
608,irate
609,genie
610,knoll
611,falls
612,chair
613,canto
614,reims
615,babes
616,revue
617,vigil
618,porte
619,tripp
620,ibook
621,azure
622,mamma
623,beams
624,glaze
625,niels
626,power
627,stave
628,alexa
629,idris
630,pinot
631,dowel
632,missa
633,larva
634,eider
635,flash
636,blare
637,salsa
638,degas
639,ghyll
640,fruit
641,myrrh
642,hummy
643,guzzi
644,davie
645,rhyme
646,clyde
647,corin
648,yorke
649,halve
650,valet
651,nurse
652,greek
653,aging
654,hairy
655,river
656,fluid
657,frond
658,wagon
659,wrath
660,large
661,snipe
662,brook
663,doubt
664,local
665,cross
666,waits
667,duvet
668,lucas
669,units
670,tilly
671,dunne
672,acids
673,woman
674,suite
675,ibrox
676,pence
677,roles
678,gnome
679,lousy
680,above
681,jools
682,ditto
683,marti
684,dumas
685,nehru
686,laura
687,paras
688,lofty
689,pushy
690,sully
691,cairo
692,noddy
693,maybe
694,gives
695,cruel
696,robin
697,aonbs
698,fiona
699,bures
700,laity
701,dykes
702,gadda
703,conte
704,cello
705,coles
706,selly
707,keown
708,havre
709,perma
710,krebs
711,voice
712,preen
713,chong
714,meson
715,homes
716,spoof
717,lexie
718,steed
719,bingo
720,barry
721,sigur
722,naomi
723,ridge
724,fiche
725,brake
726,spiny
727,karim
728,brscc
729,bands
730,beard
731,andes
732,hanoi
733,keogh
734,titan
735,nymph
736,muddy
737,roche
738,combs
739,trade
740,yield
741,madam
742,oaten
743,sites
744,drape
745,osman
746,fryer
747,ncadc
748,cifas
749,lions
750,doxey
751,needs
752,gauss
753,deter
754,spent
755,malet
756,comte
757,fonts
758,mucus
759,slink
760,murky
761,sosig
762,boggy
763,vivid
764,comme
765,would
766,mandy
767,ebsco
768,fleck
769,serra
770,ranks
771,buses
772,fever
773,gupta
774,lamda
775,fianc
776,lying
777,cheap
778,fling
779,facts
780,towns
781,torso
782,biome
783,hagen
784,reeve
785,donor
786,jeans
787,senco
788,raine
789,novak
790,pryor
791,rohan
792,bulge
793,vichy
794,gimme
795,wells
796,sheff
797,tight
798,means
799,baath
800,diphe
801,caper
802,mikki
803,ashes
804,sheet
805,burst
806,vries
807,known
808,bream
809,spain
810,aloof
811,horne
812,usage
813,spurs
814,walks
815,super
816,beryl
817,souza
818,comin
819,batch
820,crash
821,krill
822,pipes
823,crust
824,raman
825,biker
826,games
827,olney
828,einer
829,khmer
830,bayes
831,ipsec
832,haste
833,heart
834,lymph
835,plots
836,hotly
837,armed
838,lover
839,luton
840,peaks
841,gorse
842,fifth
843,roomy
844,carry
845,bleep
846,blush
847,vegan
848,guest
849,symes
850,denia
851,locks
852,relay
853,erupt
854,knows
855,guild
856,donut
857,north
858,ellie
859,tesco
860,oxfam
861,silly
862,since
863,adele
864,rifle
865,envoy
866,seeda
867,trott
868,jrgen
869,liner
870,alone
871,darth
872,rumor
873,roads
874,bored
875,malin
876,wates
877,ndpbs
878,arete
879,alert
880,natal
881,album
882,adage
883,nigra
884,laugh
885,slash
886,began
887,rivet
888,betty
889,broom
890,cooke
891,shoal
892,metal
893,slimy
894,wrest
895,accra
896,eames
897,adder
898,level
899,staff
900,plush
901,alpha
902,newby
903,herts
904,franc
905,nolan
906,palin
907,nepal
908,vixen
909,drawl
910,scowl
911,zorro
912,joint
913,benny
914,folic
915,bully
916,lumpy
917,tried
918,leung
919,prawn
920,shots
921,helix
922,flask
923,minke
924,dunst
925,hersh
926,slice
927,proms
928,green
929,glyph
930,cited
931,ahead
932,lammy
933,tonic
934,jilly
935,bones
936,judge
937,jodie
938,worry
939,mauve
940,crake
941,coire
942,spout
943,kumar
944,blond
945,hamid
946,gabby
947,mavis
948,wines
949,memes
950,vetch
951,majid
952,youre
953,renew
954,etpro
955,depth
956,skene
957,stump
958,kline
959,wigan
960,judah
961,hythe
962,speck
963,phill
964,bendy
965,moser
966,brisk
967,gucci
968,karen
969,anvil
970,paint
971,paton
972,crave
973,tweed
974,thanx
975,setup
976,mccoy
977,mondo
978,place
979,trine
980,check
981,stone
982,lingo
983,pixel
984,cacdp
985,karst
986,tasty
987,pride
988,mahdi
989,bombs
990,kevan
991,troll
992,ricin
993,tudor
994,debra
995,wayne
996,mobil
997,title
998,circa
999,flats
1000,grimy
1001,mabel
1002,plead
1003,shite
1004,moral
1005,mower
1006,dicks
1007,aider
1008,bette
1009,horse
1010,smyth
1011,caley
1012,friar
1013,deeds
1014,sparc
1015,quays
1016,holes
1017,spitz
1018,canal
1019,email
1020,guise
1021,erase
1022,aqaba
1023,ditty
1024,algal
1025,tract
1026,rodin
1027,odour
1028,sonne
1029,reach
1030,tessa
1031,kandy
1032,ethic
1033,snowy
1034,hirst
1035,nodal
1036,infra
1037,might
1038,helen
1039,antic
1040,monde
1041,mural
1042,eerie
1043,ikeda
1044,abort
1045,scuba
1046,sings
1047,shore
1048,pearl
1049,forum
1050,belly
1051,hippo
1052,gland
1053,camus
1054,pluck
1055,oldie
1056,mundi
1057,qatar
1058,jason
1059,sprig
1060,brice
1061,parry
1062,moore
1063,ralph
1064,pasty
1065,alton
1066,anime
1067,pumps
1068,modem
1069,fedex
1070,unity
1071,hydro
1072,basis
1073,watts
1074,matey
1075,lieut
1076,syrup
1077,their
1078,flier
1079,clair
1080,reset
1081,weedy
1082,aisle
1083,famed
1084,boyne
1085,aruba
1086,parks
1087,lancs
1088,wench
1089,refit
1090,clang
1091,hooks
1092,mills
1093,prowl
1094,cliff
1095,cilip
1096,tench
1097,selfe
1098,seize
1099,cshcn
1100,bitch
1101,aidan
1102,bytes
1103,those
1104,sanyo
1105,louth
1106,diner
1107,flesh
1108,alias
1109,kurtz
1110,fresh
1111,abate
1112,saucy
1113,brief
1114,cline
1115,banal
1116,jorge
1117,waite
1118,inuit
1119,slant
1120,belle
1121,mushy
1122,swoop
1123,futon
1124,magma
1125,offal
1126,comms
1127,wince
1128,beats
1129,vexed
1130,delia
1131,queue
1132,moves
1133,kouga
1134,glias
1135,jacko
1136,isles
1137,shrek
1138,solve
1139,triad
1140,mirth
1141,sligo
1142,segal
1143,tools
1144,favor
1145,opium
1146,house
1147,eject
1148,alpes
1149,orbit
1150,vibes
1151,quasi
1152,saber
1153,meets
1154,china
1155,darts
1156,mayan
1157,berne
1158,tread
1159,foist
1160,greys
1161,twist
1162,cells
1163,kazaa
1164,cleft
1165,latin
1166,slate
1167,paget
1168,geoff
1169,danny
1170,lilly
1171,bower
1172,world
1173,ziggy
1174,apace
1175,pasha
1176,hawke
1177,keanu
1178,party
1179,heine
1180,types
1181,juice
1182,manon
1183,fetal
1184,crony
1185,luisa
1186,bench
1187,solar
1188,lange
1189,synch
1190,rouse
1191,hirer
1192,scrap
1193,reich
1194,buddy
1195,pesto
1196,stake
1197,wiley
1198,pious
1199,rhine
1200,fiver
1201,warne
1202,lizzy
1203,rainy
1204,graze
1205,cipfa
1206,stalk
1207,hoops
1208,nifty
1209,tiara
1210,chase
1211,ucatt
1212,tenor
1213,pulse
1214,perks
1215,synth
1216,force
1217,dates
1218,verse
1219,logic
1220,karma
1221,noose
1222,salem
1223,ident
1224,cover
1225,ciria
1226,chasm
1227,debar
1228,patio
1229,gavin
1230,final
1231,sarum
1232,skein
1233,scone
1234,bling
1235,mckie
1236,reece
1237,beano
1238,plank
1239,forde
1240,pmetb
1241,garda
1242,piles
1243,sigma
1244,bectu
1245,homer
1246,seeks
1247,quorn
1248,alloy
1249,swift
1250,ripen
1251,panto
1252,hywel
1253,denim
1254,swill
1255,angel
1256,state
1257,simon
1258,fuels
1259,prick
1260,blend
1261,piero
1262,telco
1263,usaid
1264,defer
1265,somme
1266,healy
1267,aslan
1268,knead
1269,dirac
1270,hands
1271,vicar
1272,doves
1273,pinto
1274,butty
1275,samui
1276,utter
1277,eliza
1278,cocoa
1279,selby
1280,feint
1281,smelt
1282,aryan
1283,stent
1284,lolly
1285,rossa
1286,henri
1287,usher
1288,romeo
1289,norse
1290,unwin
1291,jewel
1292,manse
1293,deere
1294,dread
1295,omega
1296,steen
1297,polly
1298,rider
1299,virus
1300,shock
1301,farne
1302,grape
1303,david
1304,joyce
1305,spock
1306,greet
1307,libra
1308,rocha
1309,samos
1310,rains
1311,combe
1312,lacey
1313,jihad
1314,ayres
1315,areas
1316,picos
1317,ardea
1318,champ
1319,comma
1320,strip
1321,stags
1322,masks
1323,ulead
1324,along
1325,fives
1326,ocean
1327,amass
1328,huang
1329,track
1330,vince
1331,voter
1332,ricky
1333,exalt
1334,farsi
1335,grimm
1336,jalal
1337,rings
1338,pylon
1339,hyena
1340,rospa
1341,gemma
1342,frail
1343,smoke
1344,bella
1345,starr
1346,frida
1347,tyson
1348,salam
1349,debug
1350,keats
1351,liven
1352,reith
1353,pryce
1354,panic
1355,honda
1356,vader
1357,rosen
1358,calls
1359,fares
1360,usurp
1361,noted
1362,putty
1363,flynn
1364,camhs
1365,tanks
1366,rouen
1367,ishaq
1368,bauer
1369,anand
1370,boden
1371,greco
1372,chubb
1373,later
1374,hawes
1375,forth
1376,bambi
1377,broke
1378,whirl
1379,saint
1380,glaxo
1381,whois
1382,denby
1383,paolo
1384,ozone
1385,gusto
1386,giggs
1387,limit
1388,naxos
1389,swami
1390,cloth
1391,nutty
1392,estes
1393,wally
1394,bruno
1395,salim
1396,mazda
1397,octet
1398,stowe
1399,event
1400,craft
1401,potty
1402,strut
1403,swain
1404,devon
1405,joffe
1406,whore
1407,mayne
1408,hough
1409,gleam
1410,wierd
1411,charm
1412,blink
1413,loyal
1414,match
1415,rymer
1416,lynne
1417,lanes
1418,johnw
1419,prize
1420,brand
1421,baker
1422,taunt
1423,quoin
1424,hynny
1425,dwarf
1426,react
1427,apple
1428,tithe
1429,width
1430,trace
1431,wanna
1432,swirl
1433,dario
1434,spawn
1435,silas
1436,strop
1437,santo
1438,flint
1439,crumb
1440,flick
1441,deity
1442,quite
1443,nicki
1444,curie
1445,bucks
1446,felix
1447,timms
1448,fibre
1449,haart
1450,saudi
1451,slade
1452,eugen
1453,agony
1454,bondi
1455,casio
1456,cater
1457,fault
1458,prima
1459,glide
1460,tales
1461,bonus
1462,doors
1463,cowan
1464,sagem
1465,guage
1466,tummy
1467,erect
1468,dying
1469,burke
1470,witch
1471,rhone
1472,inode
1473,greta
1474,douse
1475,relic
1476,swing
1477,robot
1478,ethel
1479,haunt
1480,anion
1481,dolan
1482,asset
1483,about
1484,batod
1485,quest
1486,punch
1487,dench
1488,galen
1489,hazel
1490,wishy
1491,sonia
1492,blurb
1493,frome
1494,mango
1495,meyer
1496,lagan
1497,senda
1498,lunge
1499,brick
1500,robyn
1501,eenet
1502,widow
1503,atkin
1504,blank
1505,peril
1506,melia
1507,trent
1508,awake
1509,lagos
1510,arsed
1511,banda
1512,colon
1513,spare
1514,belch
1515,latte
1516,pipit
1517,trips
1518,found
1519,sewer
1520,yearn
1521,shaun
1522,kuoni
1523,haydn
1524,grove
1525,texts
1526,jacks
1527,eater
1528,bskyb
1529,cajun
1530,popup
1531,elite
1532,samoa
1533,globe
1534,fines
1535,evian
1536,steep
1537,brine
1538,bagel
1539,fluff
1540,cigna
1541,toner
1542,hamer
1543,print
1544,cause
1545,bites
1546,parle
1547,scold
1548,blues
1549,kogan
1550,frock
1551,tibet
1552,cissp
1553,rebel
1554,govan
1555,tidal
1556,volta
1557,oxton
1558,mears
1559,sacks
1560,shawn
1561,bilge
1562,tammy
1563,maine
1564,being
1565,lords
1566,morph
1567,esher
1568,goole
1569,clamp
1570,train
1571,could
1572,moran
1573,begum
1574,aspen
1575,haccp
1576,arbor
1577,inetd
1578,liver
1579,pipex
1580,lexis
1581,felon
1582,nasir
1583,motif
1584,roxio
1585,ledge
1586,notre
1587,thoth
1588,beset
1589,drain
1590,joker
1591,bolus
1592,array
1593,peach
1594,slope
1595,blaze
1596,pairs
1597,freya
1598,admin
1599,droit
1600,farce
1601,ipods
1602,niles
1603,plays
1604,miner
1605,hodge
1606,saddo
1607,virgo
1608,furry
1609,largo
1610,avaya
1611,bovey
1612,tokyo
1613,blast
1614,stool
1615,sauce
1616,frank
1617,klaus
1618,grasp
1619,jawad
1620,newly
1621,sixty
1622,marta
1623,bowie
1624,medea
1625,reina
1626,monte
1627,dandy
1628,havoc
1629,rates
1630,belts
1631,films
1632,range
1633,cuppa
1634,cohen
1635,muted
1636,phnom
1637,tepid
1638,rolex
1639,teams
1640,geico
1641,hines
1642,avant
1643,apron
1644,hayek
1645,ollie
1646,desai
1647,basic
1648,kitty
1649,gruff
1650,grope
1651,rooth
1652,lorry
1653,servo
1654,grice
1655,herod
1656,bumpy
1657,cocks
1658,sails
1659,doyle
1660,twain
1661,swath
1662,padua
1663,nixon
1664,newry
1665,frill
1666,dinah
1667,oxted
1668,ascii
1669,pavel
1670,carta
1671,becca
1672,hamas
1673,opera
1674,steak
1675,shard
1676,agnew
1677,fixed
1678,ababa
1679,teddy
1680,glenn
1681,blade
1682,beyer
1683,altis
1684,wispa
1685,thigh
1686,yours
1687,noble
1688,dated
1689,speke
1690,scent
1691,johns
1692,snarl
1693,kirov
1694,iliad
1695,whist
1696,zahid
1697,corny
1698,moron
1699,civil
1700,timer
1701,peggy
1702,mckay
1703,drawn
1704,scree
1705,monks
1706,girth
1707,wanda
1708,salvo
1709,latex
1710,story
1711,spate
1712,midas
1713,poore
1714,campo
1715,tywyn
1716,troon
1717,moist
1718,conti
1719,vowel
1720,laird
1721,foyle
1722,ashby
1723,rouge
1724,retry
1725,creek
1726,suzie
1727,garde
1728,darko
1729,naive
1730,higgs
1731,takes
1732,hound
1733,otley
1734,tiree
1735,sodom
1736,raise
1737,paddy
1738,scrum
1739,cafod
1740,homie
1741,tykes
1742,hakim
1743,reign
1744,parts
1745,ebook
1746,chili
1747,jesse
1748,allan
1749,patsy
1750,allow
1751,ninja
1752,crock
1753,locum
1754,layer
1755,sight
1756,camel
1757,warns
1758,after
1759,nesta
1760,mrics
1761,ortiz
1762,thats
1763,lorca
1764,solid
1765,hefty
1766,oates
1767,splay
1768,stomp
1769,aware
1770,plier
1771,gamut
1772,ofthe
1773,negri
1774,lough
1775,alive
1776,silva
1777,keene
1778,lewes
1779,clint
1780,gabon
1781,damon
1782,gmail
1783,neuro
1784,ideal
1785,gutsy
1786,lodge
1787,tonal
1788,plate
1789,dptac
1790,luxor
1791,adler
1792,menus
1793,knack
1794,finch
1795,sadly
1796,expel
1797,ponte
1798,ville
1799,thair
1800,never
1801,phpbb
1802,tandy
1803,modus
1804,grand
1805,sinai
1806,hayes
1807,sauna
1808,hicks
1809,edina
1810,amino
1811,dredd
1812,wages
1813,sango
1814,poems
1815,penny
1816,woolf
1817,volvo
1818,niace
1819,bowes
1820,aunty
1821,bidet
1822,scare
1823,outdo
1824,bells
1825,moray
1826,parys
1827,dolce
1828,often
1829,ofcom
1830,ruler
1831,rites
1832,dhabi
1833,reddy
1834,posix
1835,brett
1836,pique
1837,stage
1838,japan
1839,steer
1840,euler
1841,diane
1842,hutch
1843,quote
1844,chloe
1845,grail
1846,magee
1847,const
1848,chile
1849,klass
1850,bdmlr
1851,chavs
1852,verne
1853,linen
1854,vicki
1855,floss
1856,lochs
1857,dolls
1858,itchy
1859,jenna
1860,sheba
1861,tired
1862,queer
1863,tarot
1864,fidel
1865,sheer
1866,fylde
1867,kevin
1868,clubs
1869,waste
1870,polar
1871,pluto
1872,carew
1873,liter
1874,cryer
1875,moira
1876,trill
1877,skunk
1878,theft
1879,swann
1880,spina
1881,harem
1882,sayle
1883,bates
1884,focal
1885,cramp
1886,siege
1887,vouch
1888,style
1889,altar
1890,jamal
1891,raven
1892,avery
1893,sachs
1894,troop
1895,ellis
1896,seedy
1897,macos
1898,rsync
1899,kazan
1900,beans
1901,galha
1902,alloa
1903,cadre
1904,bevin
1905,stack
1906,micra
1907,clips
1908,genus
1909,medal
1910,comfy
1911,seton
1912,macaw
1913,wafer
1914,bourn
1915,lucky
1916,prism
1917,raoul
1918,algae
1919,inigo
1920,recce
1921,maple
1922,taste
1923,mercy
1924,digby
1925,dunes
1926,merge
1927,emile
1928,loath
1929,dogma
1930,celia
1931,fosse
1932,grout
1933,bufvc
1934,front
1935,jamie
1936,duran
1937,model
1938,shall
1939,buggy
1940,strew
1941,pinch
1942,scorm
1943,soule
1944,proof
1945,wound
1946,waugh
1947,skoda
1948,spink
1949,mains
1950,dross
1951,liase
1952,loner
1953,teeth
1954,virol
1955,gloat
1956,frame
1957,slave
1958,enemy
1959,sonya
1960,heald
1961,iupac
1962,races
1963,cheat
1964,inner
1965,beale
1966,leary
1967,prove
1968,brink
1969,pools
1970,valve
1971,bosch
1972,eager
1973,lance
1974,cowes
1975,uzbek
1976,rowdy
1977,chaps
1978,erika
1979,flout
1980,regal
1981,names
1982,tuber
1983,aught
1984,conwy
1985,scorn
1986,dizzy
1987,delft
1988,fatal
1989,milky
1990,gayle
1991,tycho
1992,wilde
1993,gower
1994,bragg
1995,skuas
1996,downy
1997,rocco
1998,https
1999,paola
2000,proni
2001,cetis
2002,vinyl
2003,taper
2004,dimly
2005,corey
2006,renan
2007,trudy
2008,intro
2009,hoole
2010,rhode
2011,psion
2012,snape
2013,nobly
2014,frege
2015,amine
2016,hendy
2017,worcs
2018,segue
2019,shire
2020,laval
2021,digit
2022,baggy
2023,carol
2024,basel
2025,argos
2026,nimmo
2027,filed
2028,proud
2029,maeve
2030,wiles
2031,condo
2032,oxide
2033,shown
2034,bloke
2035,spree
2036,vault
2037,aback
2038,monty
2039,weird
2040,dyson
2041,skies
2042,fitch
2043,naked
2044,spade
2045,lapse
2046,tempo
2047,loans
2048,smoky
2049,seine
2050,bunce
2051,jerez
2052,glare
2053,ssris
2054,inman
2055,vespa
2056,alvin
2057,flail
2058,jaffa
2059,croon
2060,steel
2061,spill
2062,idiot
2063,coats
2064,bough
2065,brody
2066,churn
2067,saxby
2068,toxin
2069,dwell
2070,crowe
2071,quoth
2072,palms
2073,cains
2074,celeb
2075,nikki
2076,empty
2077,corus
2078,lemon
2079,imply
2080,param
2081,tarry
2082,shark
2083,pigot
2084,canst
2085,dowry
2086,leila
2087,combo
2088,wrote
2089,daiwa
2090,links
2091,randy
2092,donny
2093,falco
2094,gulls
2095,devil
2096,fires
2097,edwin
2098,humax
2099,alamo
2100,bless
2101,clime
2102,zhang
2103,pixie
2104,mossy
2105,hippy
2106,cress
2107,cerro
2108,pulis
2109,stile
2110,stamp
2111,diego
2112,flaky
2113,omagh
2114,sonny
2115,mkdir
2116,kempe
2117,straw
2118,aires
2119,weill
2120,fable
2121,barmy
2122,tetra
2123,moped
2124,missy
2125,revel
2126,samar
2127,fishy
2128,punta
2129,share
2130,mcgee
2131,bryan
2132,onset
2133,users
2134,alsop
2135,auron
2136,ayton
2137,hanks
2138,sixth
2139,singh
2140,boris
2141,orton
2142,mikey
2143,glade
2144,oriel
2145,forex
2146,motel
2147,hoard
2148,steal
2149,balls
2150,label
2151,bovis
2152,erith
2153,errol
2154,unlit
2155,gross
2156,folly
2157,drums
2158,puppy
2159,janet
2160,brave
2161,money
2162,reiki
2163,olsen
2164,lifts
2165,lowry
2166,feral
2167,dukes
2168,bligh
2169,tango
2170,micah
2171,grubb
2172,rooms
2173,avert
2174,clink
2175,teach
2176,carly
2177,bjorn
2178,jacob
2179,tinge
2180,bride
2181,karoo
2182,tomas
2183,nsaid
2184,dawes
2185,foray
2186,zdnet
2187,prius
2188,joist
2189,abuse
2190,poole
2191,leaky
2192,hooke
2193,flock
2194,shunt
2195,maura
2196,mario
2197,topix
2198,omaha
2199,neale
2200,sakai
2201,pound
2202,weary
2203,manny
2204,uclan
2205,lurid
2206,tangy
2207,tutee
2208,manna
2209,balmy
2210,stark
2211,dolly
2212,argue
2213,saver
2214,parcs
2215,adore
2216,chuck
2217,squid
2218,elect
2219,sinew
2220,scoff
2221,night
2222,feign
2223,moved
2224,angst
2225,ryman
2226,fluke
2227,macho
2228,tapes
2229,guard
2230,minsk
2231,hagan
2232,dingy
2233,sniff
2234,merle
2235,beggs
2236,derek
2237,jonas
2238,wheal
2239,dalby
2240,epsom
2241,aluko
2242,chemo
2243,crops
2244,loire
2245,ernie
2246,quins
2247,faves
2248,vodka
2249,maida
2250,grief
2251,crook
2252,delay
2253,ibiza
2254,jaunt
2255,cosmo
2256,heist
2257,carat
2258,enjoy
2259,roden
2260,males
2261,demon
2262,icaew
2263,grays
2264,twigg
2265,gyfer
2266,percy
2267,burns
2268,clark
2269,imran
2270,rhona
2271,humus
2272,polka
2273,abyss
2274,stoke
2275,cloak
2276,bains
2277,glass
2278,tabby
2279,malik
2280,wonka
2281,giant
2282,lands
2283,atari
2284,adolf
2285,rossi
2286,jimmy
2287,bahia
2288,geeky
2289,brefi
2290,cclrc
2291,petit
2292,sober
2293,coven
2294,wants
2295,skill
2296,lorna
2297,amend
2298,sahib
2299,tones
2300,aural
2301,chess
2302,focus
2303,gauze
2304,ionic
2305,kudos
2306,baird
2307,hefce
2308,unfit
2309,tests
2310,josef
2311,bikes
2312,biggs
2313,ernst
2314,doran
2315,ronda
2316,modal
2317,regan
2318,finds
2319,basal
2320,atone
2321,paved
2322,plumb
2323,metre
2324,squad
2325,shows
2326,worms
2327,ovary
2328,akira
2329,risen
2330,nestl
2331,butts
2332,misty
2333,cathy
2334,keyes
2335,midst
2336,aside
2337,vicky
2338,ansem
2339,spurt
2340,frics
2341,chaos
2342,tawny
2343,baton
2344,total
2345,alien
2346,views
2347,barth
2348,risks
2349,petri
2350,lurch
2351,steph
2352,cares
2353,dodge
2354,march
2355,roots
2356,kilda
2357,lhasa
2358,brest
2359,child
2360,stops
2361,plait
2362,rents
2363,italy
2364,carla
2365,honey
2366,kurds
2367,rerun
2368,curio
2369,solas
2370,snout
2371,legal
2372,ofgem
2373,niall
2374,moult
2375,plato
2376,ruins
2377,baron
2378,clerk
2379,nyman
2380,lobby
2381,crown
2382,trans
2383,corba
2384,payer
2385,boing
2386,chill
2387,jurys
2388,slick
2389,dylan
2390,coram
2391,shops
2392,pires
2393,tumor
2394,stays
2395,hesse
2396,trunk
2397,bulls
2398,arrow
2399,perez
2400,rydal
2401,nigel
2402,wings
2403,colts
2404,knell
2405,count
2406,gough
2407,gallo
2408,casas
2409,amply
2410,ideas
2411,indus
2412,hatch
2413,prion
2414,funky
2415,loach
2416,crack
2417,morag
2418,octal
2419,karol
2420,billy
2421,corby
2422,butch
2423,cisco
2424,herne
2425,toxic
2426,maher
2427,hunts
2428,juror
2429,jpegs
2430,sgurr
2431,braes
2432,manic
2433,aimee
2434,wasps
2435,ofwat
2436,least
2437,kelso
2438,bleak
2439,ferns
2440,thank
2441,mungo
2442,berry
2443,nappy
2444,lease
2445,franz
2446,eaves
2447,forma
2448,avila
2449,untie
2450,cleat
2451,petty
2452,serif
2453,hours
2454,diana
2455,inert
2456,danby
2457,bryce
2458,dress
2459,flybe
2460,ypres
2461,cubic
2462,meall
2463,blitz
2464,alvis
2465,naval
2466,smart
2467,lupus
2468,masse
2469,daley
2470,tibia
2471,mensa
2472,cyber
2473,neill
2474,osler
2475,lukas
2476,essex
2477,ramon
2478,karan
2479,slump
2480,afoot
2481,kyoto
2482,pinus
2483,makin
2484,pleat
2485,forme
2486,clich
2487,chomp
2488,usury
2489,alder
2490,wedge
2491,messy
2492,kenny
2493,sasha
2494,flank
2495,mines
2496,corgi
2497,sacre
2498,maude
2499,annoy
2500,aztec
2501,lenin
2502,presb
2503,noisy
2504,binns
2505,skull
2506,keble
2507,powys
2508,prior
2509,ibsen
2510,logon
2511,berks
2512,trike
2513,salty
2514,drift
2515,truth
2516,enter
2517,niftc
2518,footy
2519,sunni
2520,grace
2521,penal
2522,kilby
2523,adobe
2524,pears
2525,garth
2526,pimms
2527,zrich
2528,sabre
2529,boyce
2530,glitz
2531,nudge
2532,drink
2533,chord
2534,quack
2535,adair
2536,lupin
2537,under
2538,spear
2539,dubya
2540,occur
2541,stern
2542,speak
2543,shoes
2544,mcfly
2545,johan
2546,spoon
2547,feast
2548,crude
2549,haute
2550,vital
2551,abdel
2552,surly
2553,darby
2554,crick
2555,basra
2556,clwyd
2557,mambo
2558,timex
2559,sales
2560,wreak
2561,rosso
2562,murdo
2563,uncap
2564,worth
2565,erwin
2566,coyne
2567,symon
2568,brava
2569,inter
2570,viola
2571,fells
2572,gibbs
2573,joust
2574,hales
2575,sacha
2576,towel
2577,arias
2578,blanc
2579,pages
2580,credo
2581,chart
2582,shula
2583,vapor
2584,avril
2585,leigh
2586,aegis
2587,etive
2588,write
2589,comic
2590,lucio
2591,click
2592,nairn
2593,split
2594,pauli
2595,fuchs
2596,float
2597,truly
2598,kanye
2599,holst
2600,mixed
2601,trees
2602,swamp
2603,tiber
2604,bronx
2605,visas
2606,human
2607,dozen
2608,wharf
2609,minus
2610,osama
2611,shawl
2612,stole
2613,brill
2614,audit
2615,bezel
2616,reese
2617,wrist
2618,coote
2619,alden
2620,plone
2621,saved
2622,flour
2623,keane
2624,terre
2625,ewart
2626,megan
2627,items
2628,quash
2629,twiki
2630,kylie
2631,kathy
2632,spark
2633,mahal
2634,whizz
2635,niger
2636,waken
2637,pater
2638,decry
2639,irwin
2640,norah
2641,sally
2642,plans
2643,serbs
2644,gizmo
2645,radio
2646,trait
2647,lamps
2648,repel
2649,canoe
2650,foley
2651,truck
2652,hulme
2653,decor
2654,henry
2655,micky
2656,goofy
2657,stick
2658,aaron
2659,fried
2660,howto
2661,novel
2662,death
2663,limbo
2664,ricoh
2665,qualm
2666,perth
2667,semen
2668,defoe
2669,lists
2670,opine
2671,chain
2672,prong
2673,carte
2674,bsria
2675,antec
2676,belay
2677,smear
2678,matty
2679,spies
2680,gloss
2681,binge
2682,asean
2683,adams
2684,calum
2685,beefy
2686,cadet
2687,scary
2688,overt
2689,hyatt
2690,lumen
2691,epoch
2692,livid
2693,cling
2694,tring
2695,mainz
2696,weald
2697,bases
2698,strum
2699,grill
2700,sneak
2701,trout
2702,amble
2703,whale
2704,brain
2705,dhaka
2706,dance
2707,laden
2708,lomas
2709,bello
2710,ryder
2711,sutra
2712,gooch
2713,syria
2714,breen
2715,entry
2716,fleur
2717,seuss
2718,works
2719,piece
2720,heres
2721,glean
2722,cllrs
2723,clock
2724,gourd
2725,mcofs
2726,urges
2727,skint
2728,zonal
2729,essen
2730,busch
2731,diets
2732,lloyd
2733,meals
2734,elvis
2735,fight
2736,sayer
2737,kodak
2738,skins
2739,tamil
2740,bogus
2741,elegy
2742,dream
2743,sweet
2744,cocky
2745,llama
2746,plath
2747,nazis
2748,kites
2749,roger
2750,chick
2751,masai
2752,fewer
2753,habit
2754,tinto
2755,meryl
2756,arabs
2757,detox
2758,pippa
2759,hurry
2760,braun
2761,golly
2762,daddy
2763,rabbi
2764,amiga
2765,lexus
2766,litre
2767,sagan
2768,drugs
2769,clasp
2770,purge
2771,pablo
2772,bundy
2773,shift
2774,joins
2775,enron
2776,palma
2777,witty
2778,vitro
2779,dixon
2780,tuple
2781,pitch
2782,ratio
2783,built
2784,iskra
2785,stilt
2786,which
2787,maker
2788,hover
2789,ethos
2790,suits
2791,chafe
2792,bayer
2793,glynn
2794,lambs
2795,stout
2796,mahon
2797,djing
2798,lotto
2799,prone
2800,daisy
2801,byway
2802,siren
2803,flirt
2804,wilma
2805,craps
2806,wolds
2807,chmod
2808,biffa
2809,pubic
2810,irish
2811,craig
2812,turks
2813,uncut
2814,parke
2815,annan
2816,wonky
2817,sabah
2818,forty
2819,crche
2820,mille
2821,broth
2822,dunno
2823,major
2824,tooth
2825,lakes
2826,turns
2827,barns
2828,flack
2829,allah
2830,frost
2831,nicht
2832,polyp
2833,thame
2834,gotta
2835,sedan
2836,kiley
2837,datum
2838,goods
2839,irene
2840,gripe
2841,crags
2842,paper
2843,zelda
2844,liege
2845,silky
2846,haden
2847,vinci
2848,upper
2849,index
2850,makes
2851,corwm
2852,lynch
2853,piste
2854,flows
2855,gandy
2856,kairi
2857,ensue
2858,sepia
2859,midge
2860,azore
2861,darcy
2862,birth
2863,slack
2864,colne
2865,melee
2866,cakes
2867,mourn
2868,sleek
2869,anwar
2870,tombs
2871,bosom
2872,riots
2873,flora
2874,sharm
2875,brize
2876,rooke
2877,pgdip
2878,guile
2879,wyton
2880,sieve
2881,saves
2882,vijay
2883,emery
2884,ruben
2885,xterm
2886,dense
2887,ferry
2888,crazy
2889,metro
2890,table
2891,soham
2892,fermi
2893,marin
2894,judea
2895,gorge
2896,capri
2897,innes
2898,caton
2899,earth
2900,music
2901,lawes
2902,organ
2903,chimp
2904,peace
2905,zetoc
2906,lowly
2907,shack
2908,nspcc
2909,monza
2910,drill
2911,denny
2912,louie
2913,nerve
2914,calor
2915,ought
2916,auger
2917,quinn
2918,iqbal
2919,tidus
2920,hemel
2921,ongar
2922,chaff
2923,gonzo
2924,cameo
2925,jacky
2926,meaty
2927,speed
2928,repay
2929,lomax
2930,fully
2931,beith
2932,tacky
2933,basin
2934,tulsa
2935,block
2936,tamar
2937,taboo
2938,crump
2939,cynon
2940,songs
2941,gloom
2942,faint
2943,slime
2944,alice
2945,carve
2946,skirt
2947,rabid
2948,eamon
2949,suppl
2950,hitch
2951,reiss
2952,donal
2953,bring
2954,soils
2955,crane
2956,munby
2957,najaf
2958,shona
2959,conor
2960,wreck
2961,laser
2962,yorks
2963,colic
2964,dakar
2965,delph
2966,qubec
2967,prime
2968,where
2969,bobby
2970,harry
2971,extra
2972,couch
2973,quart
2974,trish
2975,neagh
2976,kendo
2977,spook
2978,yahoo
2979,cadiz
2980,crowd
2981,sneer
2982,denis
2983,leech
2984,mould
2985,asher
2986,dairy
2987,notch
2988,scarp
2989,tails
2990,bibby
2991,swans
2992,clift
2993,hsdpa
2994,downs
2995,scene
2996,georg
2997,canny
2998,unzip
2999,lazio
3000,hayle
3001,tulip
3002,hater
3003,casey
3004,stale
3005,terse
3006,dodgy
3007,horde
3008,anode
3009,anger
3010,group
3011,boast
3012,husky
3013,elvin
3014,chief
3015,boxes
3016,brash
3017,wight
3018,toast
3019,brian
3020,trier
3021,sandy
3022,stiff
3023,phage
3024,alarm
3025,goals
3026,youve
3027,spore
3028,leroy
3029,lathe
3030,wacky
3031,tasks
3032,markj
3033,verve
3034,davey
3035,gcses
3036,awash
3037,ebony
3038,lycra
3039,weber
3040,stall
3041,supra
3042,wintv
3043,wcdma
3044,stuff
3045,wills
3046,fjord
3047,cutty
3048,racer
3049,tesol
3050,firth
3051,creep
3052,razor
3053,leven
3054,waver
3055,doric
3056,elmer
3057,ethyl
3058,miles
3059,lunch
3060,pizza
3061,swarm
3062,vinny
3063,shout
3064,spite
3065,jared
3066,media
3067,discs
3068,allen
3069,facto
3070,beira
3071,ukoln
3072,reeds
3073,shame
3074,ultra
3075,chico
3076,sooty
3077,qaeda
3078,kebab
3079,realy
3080,break
3081,fuego
3082,multi
3083,enoch
3084,actin
3085,bogie
3086,nancy
3087,booth
3088,mayer
3089,plane
3090,mgcgb
3091,eddie
3092,louis
3093,taint
3094,infer
3095,fayre
3096,taken
3097,tariq
3098,elgar
3099,calve
3100,ethan
3101,fiery
3102,mardi
3103,magna
3104,pants
3105,gwent
3106,stink
3107,nanny
3108,storm
3109,chevy
3110,based
3111,trope
3112,hants
3113,babel
3114,onion
3115,files
3116,cable
3117,malta
3118,loser
3119,posse
3120,elate
3121,agree
3122,codex
3123,hints
3124,chard
3125,scrub
3126,timor
3127,yemen
3128,helps
3129,ringo
3130,hijab
3131,swede
3132,corsa
3133,lyric
3134,cards
3135,eldon
3136,sorta
3137,seals
3138,tenon
3139,choir
3140,pedal
3141,caste
3142,bonar
3143,facet
3144,coshh
3145,gowns
3146,argus
3147,hinds
3148,sized
3149,russo
3150,decoy
3151,tenby
3152,spasm
3153,stork
3154,praia
3155,fleet
3156,cooks
3157,aisha
3158,given
3159,frans
3160,porch
3161,court
3162,janus
3163,linda
3164,upton
3165,heron
3166,sunny
3167,regis
3168,decay
3169,wakes
3170,fiber
3171,concs
3172,danes
3173,renee
3174,essay
3175,quito
3176,guido
3177,clear
3178,sandi
3179,pliny
3180,birds
3181,mysql
3182,swoon
3183,theta
3184,texan
3185,alter
3186,tabor
3187,avoid
3188,dales
3189,decal
3190,heare
3191,torch
3192,hiker
3193,agile
3194,twins
3195,diary
3196,simms
3197,goeth
3198,xxiii
3199,verbs
3200,caius
3201,iraqi
3202,align
3203,conde
3204,vioxx
3205,blood
3206,beinn
3207,lenny
3208,tense
3209,emlyn
3210,giver
3211,snort
3212,povey
3213,nylon
3214,logie
3215,cusco
3216,pirie
3217,blyth
3218,corps
3219,goode
3220,terri
3221,panda
3222,jstor
3223,clone
3224,melon
3225,ellen
3226,belie
3227,bogey
3228,liber
3229,sofia
3230,spank
3231,sedge
3232,swale
3233,camps
3234,luigi
3235,faith
3236,civic
3237,fella
3238,smack
3239,gabor
3240,barca
3241,tribe
3242,milly
3243,smite
3244,otter
3245,islay
3246,merck
3247,debut
3248,kinky
3249,faces
3250,rated
3251,erich
3252,evade
3253,pithy
3254,panos
3255,gouge
3256,scada
3257,still
3258,swear
3259,ample
3260,stuck
3261,paley
3262,degli
3263,linus
3264,quiet
3265,brass
3266,worse
3267,scots
3268,slang
3269,elude
3270,rioja
3271,inept
3272,byron
3273,libya
3274,silty
3275,mayes
3276,ravel
3277,cairn
3278,satra
3279,shade
3280,clegg
3281,osaka
3282,codon
3283,mafia
3284,marry
3285,moses
3286,gauge
3287,hobbs
3288,gipsy
3289,drops
3290,bunny
3291,pilot
3292,close
3293,marks
3294,kabul
3295,topic
3296,remix
3297,cabal
3298,elise
3299,micro
3300,patty
3301,npfit
3302,wilby
3303,tramp
3304,arent
3305,royal
3306,taxis
3307,ryton
3308,vedas
3309,bluff
3310,marge
3311,twice
3312,urine
3313,icing
3314,smirk
3315,niamh
3316,audio
3317,scarf
3318,brace
3319,petra
3320,going
3321,scour
3322,hanna
3323,beret
3324,brown
3325,gaunt
3326,touch
3327,buell
3328,wager
3329,kiddy
3330,exist
3331,prune
3332,croix
3333,shove
3334,petal
3335,motte
3336,ayers
3337,foods
3338,extol
3339,loads
3340,britt
3341,sassy
3342,ewald
3343,wikis
3344,amman
3345,royce
3346,cowen
3347,tikal
3348,waltz
3349,alite
3350,wragg
3351,tracy
3352,hubby
3353,drier
3354,fugue
3355,optic
3356,dalek
3357,locke
3358,orbis
3359,terry
3360,brant
3361,whats
3362,drown
3363,chime
3364,rugby
3365,byers
3366,whole
3367,boost
3368,olive
3369,rusty
3370,filey
3371,idyll
3372,rails
3373,ricci
3374,debts
3375,trove
3376,soane
3377,lorne
3378,ahern
3379,adept
3380,creme
3381,likes
3382,start
3383,kings
3384,nicol
3385,skool
3386,peice
3387,carlo
3388,peake
3389,carer
3390,rogue
3391,token
3392,sperm
3393,parte
3394,nobel
3395,cedar
3396,creak
3397,queen
3398,acton
3399,euell
3400,igloo
3401,bloch
3402,outta
3403,jumps
3404,chock
3405,duchy
3406,sadie
3407,mates
3408,pparc
3409,exile
3410,kampf
3411,anjou
3412,creed
3413,prose
3414,trash
3415,terms
3416,lyall
3417,mitre
3418,palsy
3419,colby
3420,haman
3421,nobby
3422,dolby
3423,bandy
3424,guilt
3425,order
3426,suede
3427,corfu
3428,sahih
3429,wader
3430,zyban
3431,graph
3432,keira
3433,thier
3434,snell
3435,manga
3436,shalt
3437,cynic
3438,croft
3439,walsh
3440,texas
3441,harsh
3442,ecole
3443,arian
3444,photo
3445,ropes
3446,snack
3447,tyrol
3448,trite
3449,mckee
3450,edlug
3451,towne
3452,shaft
3453,janis
3454,sears
3455,kuala
3456,jerry
3457,wield
3458,annie
3459,ounce
3460,costa
3461,short
3462,skier
3463,throw
3464,caleb
3465,diver
3466,pauls
3467,crepe
3468,elsie
3469,until
3470,payne
3471,serum
3472,sheep
3473,soapy
3474,gomez
3475,daily
3476,tutor
3477,sarah
3478,karel
3479,scala
3480,groin
3481,betsy
3482,sonja
3483,lipid
3484,ruddy
3485,tunes
3486,otago
3487,incas
3488,blaby
3489,lucia
3490,mince
3491,boson
3492,geary
3493,isaac
3494,bunac
3495,hinge
3496,suave
3497,frogs
3498,kiosk
3499,while
3500,nomad
3501,radon
3502,niche
3503,alfie
3504,payee
3505,votes
3506,imbue
3507,magda
3508,ronan
3509,jolly
3510,xhtml
3511,forts
3512,codec
3513,natta
3514,lucie
3515,women
3516,kitts
3517,nexus
3518,query
3519,small
3520,fudge
3521,erode
3522,exert
3523,dijon
3524,bloom
3525,birch
3526,yukon
3527,xxxxx
3528,chunk
3529,fours
3530,light
3531,video
3532,stoma
3533,trust
3534,marie
3535,young
3536,grady
3537,eaton
3538,edale
3539,arran
3540,groan
3541,tahir
3542,epson
3543,curly
3544,navel
3545,vista
3546,macau
3547,liken
3548,draft
3549,thorp
3550,layed
3551,kerry
3552,astor
3553,entre
3554,yummy
3555,clown
3556,mover
3557,venue
3558,banco
3559,canon
3560,chive
3561,disco
3562,shady
3563,techy
3564,torus
3565,befit
3566,gable
3567,nerja
3568,below
3569,wicca
3570,berth
3571,femme
3572,lovin
3573,sling
3574,banjo
3575,cowal
3576,shank
3577,deans
3578,stock
3579,inlay
3580,jolen
3581,semta
3582,cabin
3583,named
3584,synod
3585,tells
3586,asbos
3587,chink
3588,loops
3589,surah
3590,caver
3591,mbchb
3592,getty
3593,funny
3594,cuban
3595,spice
3596,thump
3597,sugsc
3598,assoc
3599,ceres
3600,wylie
3601,chefs
3602,tania
3603,sever
3604,poise
3605,spray
3606,janie
3607,boyer
3608,pitta
3609,carex
3610,hulse
3611,claim
3612,taker
3613,bathe
3614,reply
3615,upset
3616,nacro
3617,emmet
3618,andre
3619,vitae
3620,vogue
3621,stare
3622,tyler
3623,caves
3624,crohn
3625,swish
3626,apply
3627,niece
3628,middx
3629,shand
3630,specs
3631,bonny
3632,unite
3633,duane
3634,arnie
3635,kitab
3636,julie
3637,weeks
3638,csiro
3639,redox
3640,welch
3641,fizzy
3642,holds
3643,exact
3644,thyme
3645,ready
3646,bulky
3647,equip
3648,tenth
3649,hague
3650,steam
3651,locus
3652,times
3653,bongo
3654,susie
3655,blunt
3656,addis
3657,linux
3658,refer
3659,terns
3660,mumps
3661,moshe
3662,riley
3663,bugle
3664,basle
3665,hades
3666,errno
3667,lyell
3668,waldo
3669,porto
3670,girly
3671,resit
3672,legit
3673,shoot
3674,arson
3675,cites
3676,alban
3677,false
3678,firms
3679,dried
3680,tiger
3681,flame
3682,lanka
3683,intel
3684,mason
3685,lemma
3686,doing
3687,whack
3688,glebe
3689,paths
3690,giles
3691,claus
3692,klein
3693,olson
3694,candy
3695,horst
3696,larus
3697,aslef
3698,hasty
3699,study
3700,freud
3701,cuzco
3702,sword
3703,sharp
3704,hindu
3705,laver
3706,torre
3707,mound
3708,grown
3709,gerry
3710,crank
3711,walls
3712,ewell
3713,marek
3714,perle
3715,reuse
3716,kicks
3717,finca
3718,rondo
3719,wordy
3720,blame
3721,derry
3722,snoop
3723,aiken
3724,banks
3725,paula
3726,merit
3727,defra
3728,babar
3729,afore
3730,loony
3731,navvy
3732,droop
3733,crimp
3734,ingot
3735,guess
3736,liszt
3737,arlis
3738,rspca
3739,creag
3740,axial
3741,kafka
3742,margo
3743,inbox
3744,again
3745,sobre
3746,julia
3747,evict
3748,xansa
3749,sybil
3750,serps
3751,lohan
3752,griff
3753,promo
3754,marko
3755,cheer
3756,smell
3757,asaph
3758,ewing
3759,perch
3760,kamma
3761,amner
3762,emacs
3763,villa
3764,thaim
3765,clare
3766,pitts
3767,crawl
3768,batik
3769,wrack
3770,karin
3771,fowey
3772,khaki
3773,undue
3774,stars
3775,thief
3776,deane
3777,femur
3778,piggy
3779,zappa
3780,grain
3781,shirt
3782,shiny
3783,phony
3784,fatah
3785,macca
3786,kneel
3787,cupid
3788,scope
3789,stand
3790,thumb
3791,siena
3792,tally
3793,verge
3794,peers
3795,overy
3796,plain
3797,manor
3798,wired
3799,truss
3800,bushy
3801,schip
3802,hobby
3803,chios
3804,piano
3805,titus
3806,brent
3807,slush
3808,aston
3809,pesky
3810,rival
3811,shane
3812,labor
3813,ciara
3814,drunk
3815,bumps
3816,flake
3817,porth
3818,gerda
3819,fifty
3820,unify
3821,sweat
3822,grade
3823,dover
3824,jaded
3825,tahoe
3826,umist
3827,stunt
3828,eliot
3829,probs
3830,hilda
3831,plaid
3832,rawls
3833,keeps
3834,burgh
3835,poets
3836,store
3837,rocks
3838,bound
3839,magic
3840,relax
3841,cobra
3842,joshi
3843,lydia
3844,deuce
3845,leafy
3846,graft
3847,keiko
3848,proxy
3849,chine
3850,yacht
3851,rover
3852,byrds
3853,larch
3854,booby
3855,staid
3856,rigid
3857,odell
3858,orion
3859,valid
3860,backs
3861,ember
3862,aorta
3863,mohan
3864,protx
3865,choke
3866,verde
3867,birks
3868,beget
3869,brute
3870,swiss
3871,rides
3872,meath
3873,samir
3874,gange
3875,mifid
3876,artic
3877,pugin
3878,paste
3879,vasco
3880,huber
3881,grave
3882,scale
3883,dearg
3884,verso
3885,egham
3886,hagar
3887,growl
3888,negro
3889,gaius
3890,ramos
3891,alkyl
3892,third
3893,playa
3894,wyatt
3895,acnfp
3896,salma
3897,fauna
3898,uriah
3899,denys
3900,tacit
3901,corry
3902,olden
3903,gents
3904,annum
3905,wales
3906,godly
3907,skimp
3908,await
3909,agnus
3910,faire
3911,rabin
3912,lives
3913,limes
3914,topaz
3915,steve
3916,anova
3917,moles
3918,bader
3919,fraud
3920,blogs
3921,skiff
3922,sloth
3923,spurn
3924,esure
3925,zebra
3926,alike
3927,woods
3928,bmlss
3929,brits
3930,drury
3931,paulo
3932,fagan
3933,error
3934,haigh
3935,irina
3936,galle
3937,lotus
3938,kenya
3939,gregg
3940,cecil
3941,manly
3942,largs
3943,pixar
3944,ranch
3945,chirp
3946,robbo
3947,yeast
3948,flare
3949,gilly
3950,icann
3951,floor
3952,skuds
3953,rolfe
3954,quill
3955,guide
3956,chalk
3957,vikki
3958,jiang
3959,hiram
3960,mcrae
3961,tunis
3962,embed
3963,rikki
3964,quark
3965,lucan
3966,dewey
3967,whyte
3968,shine
3969,barge
3970,heave
3971,cough
3972,purdy
3973,trick
3974,incur
3975,annex
3976,drool
3977,cvars
3978,cubit
3979,abbot
3980,ladle
3981,spire
3982,heard
3983,quail
3984,decca
3985,cupar
3986,sdram
3987,pagan
3988,heere
3989,loose
3990,baits
3991,shred
3992,yogic
3993,elbow
3994,penis
3995,boxed
3996,fairs
3997,xpath
3998,cesar
3999,elias
4000,abdul
4001,rgime
4002,jemma
4003,ivory
4004,forms
4005,munch
4006,plonk
4007,agcas
4008,sheds
4009,notts
4010,beast
4011,eagle
4012,widen
4013,remit
4014,rican
4015,sahel
4016,ascot
4017,bogle
4018,rural
4019,fader
4020,cabot
4021,aegon
4022,della
4023,rough
4024,augur
4025,daunt
4026,mater
4027,stena
4028,brunt
4029,allot
4030,epoxy
4031,bills
4032,ysgol
4033,waist
4034,davos
4035,mommy
4036,tampa
4037,sitar
4038,tuner
4039,thick
4040,phase
4041,meads
4042,dusty
4043,hyper
4044,ardex
4045,intra
4046,libby
4047,flood
4048,barak
4049,espaa
4050,elder
4051,there
4052,adopt
4053,hotel
4054,forge
4055,goats
4056,haley
4057,buffy
4058,clash
4059,buena
4060,anita
4061,years
4062,sabri
4063,fungi
4064,jonah
4065,mixer
4066,excel
4067,bylaw
4068,druid
4069,julio
4070,abbey
4071,other
4072,maths
4073,leics
4074,avian
4075,rubin
4076,chose
4077,craze
4078,smock
4079,steyn
4080,ooooh
4081,jakob
4082,thing
4083,picky
4084,poles
4085,lifer
4086,blind
4087,ditch
4088,chips
4089,singe
4090,revie
4091,versa
4092,quran
4093,koran
4094,irons
4095,stony
4096,buyer
4097,aswan
4098,wogan
4099,soooo
4100,looks
4101,fuzzy
4102,sable
4103,lycos
4104,lundy
4105,rizla
4106,neath
4107,ester
4108,pasta
4109,wheel
4110,daryl
4111,croda
4112,duval
4113,stint
4114,coxon
4115,egypt
4116,boyle
4117,screw
4118,expat
4119,madly
4120,croak
4121,strap
4122,athan
4123,noone
4124,tubby
4125,trawl
4126,agnes
4127,cargo
4128,betts
4129,wendy
4130,mummy
4131,satar
4132,cream
4133,frown
4134,patel
4135,enham
4136,emily
4137,boots
4138,paige
4139,grunt
4140,stead
4141,shell
4142,baden
4143,jelly
4144,colin
4145,tides
4146,susan
4147,odeon
4148,nelly
4149,lemur
4150,jones
4151,woody
4152,armor
4153,elgin
4154,edith
4155,spicy
4156,rufus
4157,golan
4158,milan
4159,sonic
4160,hegel
4161,kirby
4162,randi
4163,exams
4164,valle
4165,coker
4166,seale
4167,ansar
4168,fonda
4169,heinz
4170,words
4171,older
4172,forte
4173,froth
4174,taxon
4175,first
4176,stade
4177,bible
4178,papua
4179,wives
4180,happy
4181,logan
4182,sport
4183,leake
4184,cider
4185,oasis
4186,leave
4187,enlil
4188,lincs
4189,badly
4190,snuff
4191,youth
4192,tweak
4193,modes
4194,grime
4195,viper
4196,gifts
4197,tarka
4198,oftel
4199,medic
4200,cutts
4201,input
4202,bothy
4203,roddy
4204,scuff
4205,probe
4206,ssafa
4207,grant
4208,awful
4209,affix
4210,bakke
4211,mrcvs
4212,roman
4213,kells
4214,santa
4215,cybit
4216,lucid
4217,philo
4218,blake
4219,cisse
4220,lotte
4221,nikos
4222,shrew
4223,using
4224,wyman
4225,annul
4226,reade
4227,paine
4228,mimas
4229,nadia
4230,tully
4231,katie
4232,laine
4233,whose
4234,marys
4235,filth
4236,anson
4237,tufts
4238,byrne
4239,heady
4240,pedro
4241,elses
4242,loren
4243,fence
4244,rigby
4245,regen
4246,hills
4247,risky
4248,gecko
4249,leone
4250,abode
4251,sense
4252,ahmed
4253,drove
4254,admit
4255,bbsrc
4256,pussy
4257,trial
4258,quine
4259,motet
4260,month
4261,macro
4262,quilt
4263,curse
4264,webct
4265,point
4266,handy
4267,impel
4268,delhi
4269,tesla
4270,jaime
4271,bravo
4272,lisle
4273,avail
4274,shrub
4275,pcsos
4276,mania
4277,bunch
4278,kraft
4279,islet
4280,owens
4281,outer
4282,pleas
4283,vardy
4284,assay
4285,twine
4286,herle
4287,busby
4288,deign
4289,glory
4290,ghent
4291,mcnab
4292,atlas
4293,eddev
4294,braid
4295,aroma
4296,peaty
4297,lille
4298,laban
4299,issue
4300,ecusa
4301,monro
4302,louse
4303,kelly
4304,apart
4305,ghost
4306,pause
4307,huron
4308,argon
4309,angle
4310,edict
4311,bleat
4312,jokes
4313,hedge
4314,bivvy
4315,downe
4316,hoist
4317,cavan
4318,motto
4319,neuer
4320,badge
4321,holly
4322,rollo
4323,inane
4324,nicky
4325,safer
4326,ariel
4327,abhor
4328,tents
4329,optio
4330,fetus
4331,chvez
4332,sides
4333,dough
4334,vegas
4335,jboss
4336,psalm
4337,delve
4338,dante
4339,tonga
4340,sssis
4341,books
4342,satin
4343,oddly
4344,chang
4345,rosie
4346,defty
4347,ships
4348,elisa
4349,dacre
4350,thorn
4351,cyrus
4352,niven
4353,salts
4354,bland
4355,abbas
4356,skype
4357,plata
4358,visor
4359,waive
4360,dixie
4361,comer
4362,sloop
4363,abuja
4364,krabi
4365,stott
4366,sloan
4367,corfe
4368,jenny
4369,shale
4370,fussy
4371,fatty
4372,arena
4373,rotor
4374,acorn
4375,faust
4376,lewin
4377,moody
4378,heuer
4379,erica
4380,congo
4381,sherd
4382,merry
4383,kerio
4384,didnt
4385,onely
4386,signs
4387,value
4388,great
4389,lopes
4390,delle
4391,jazzy
4392,birse
4393,traps
4394,leica
4395,flush
4396,quick
4397,burly
4398,knife
4399,tripe
4400,bonds
4401,libel
4402,spike
4403,spiky
4404,meier
4405,minco
4406,mogul
4407,wheat
4408,bleed
4409,monet
4410,raffi
4411,coset
4412,winxp
4413,spool
4414,caron
4415,salle
4416,early
4417,pouch
4418,perky
4419,right
4420,aloud
4421,xerox
4422,hoyle
4423,mikel
4424,mitch
4425,huhne
4426,nadir
4427,soper
4428,letts
4429,knock
4430,saeed
4431,quota
4432,stein
4433,wilts
4434,dahab
4435,citta
4436,crest
4437,regus
4438,bairn
4439,sward
4440,round
4441,donne
4442,burnt
4443,hymns
4444,souls
4445,bjork
4446,spoil
4447,cragg
4448,enrol
4449,space
4450,epsrc
4451,sammy
4452,tasha
4453,south
4454,salad
4455,engel
4456,rules
4457,auden
4458,smith
4459,snake
4460,wryly
4461,ambit
4462,sleep
4463,ielts
4464,philp
4465,opens
4466,barra
4467,camra
4468,tonge
4469,lacan
4470,moose
4471,jolie
4472,elton
4473,ennis
4474,becky
4475,moyes
4476,funds
4477,fetch
4478,imola
4479,basil
4480,hunch
4481,gravy
4482,halle
4483,haven
4484,girls
4485,asian
4486,tiles
4487,foote
4488,rally
4489,fritz
4490,mouth
4491,rpsgb
4492,nokia
4493,stove
4494,cheek
4495,honor
4496,vireo
4497,fanny
4498,jumbo
4499,bloat
4500,flyer
4501,haiku
4502,vines
4503,ching
4504,amiss
4505,moxey
4506,greer
4507,egret
4508,rhian
4509,radyr
4510,lewis
4511,havel
4512,ezine
4513,class
4514,windy
4515,chide
4516,alwyn
4517,bacon
4518,curry
4519,runny
4520,meavy
4521,codes
4522,boxer
4523,watch
4524,piper
4525,shake
4526,henge
4527,folks
4528,edgar
4529,sotic
4530,brush
4531,myles
4532,drama
4533,surat
4534,inthe
4535,halls
4536,exxon
4537,weigh
4538,scull
4539,angus
4540,sting
4541,halal
4542,clara
4543,rehab
4544,udder
4545,byker
4546,tempt
4547,waals
4548,perry
4549,brock
4550,flies
4551,salve
4552,bossy
4553,weiss
4554,hyman
4555,titre
4556,oscar
4557,scoop
4558,patch
4559,think
4560,assam
4561,prada
4562,batty
4563,stacy
4564,dando
4565,serve
4566,liang
4567,aboot
4568,sudan
4569,smash
4570,socks
4571,ponds
4572,adapt
4573,scart
4574,telly
4575,snore
4576,hasnt
4577,raver
4578,madge
4579,tough
4580,tyres
4581,coder
4582,kamal
4583,mauro
4584,dewar
4585,fairy
4586,mller
4587,phono
4588,czech
4589,added
4590,leahy
4591,cilla
4592,uppon
4593,three
4594,arden
4595,duffy
4596,vance
4597,morse
4598,cdata
4599,tovey
4600,kinda
4601,mbeki
4602,roost
4603,moors
4604,minds
4605,matte
4606,image
4607,akbar
4608,edify
4609,bliss
4610,snail
4611,april
4612,cowie
4613,harte
4614,shiel
4615,owain
4616,puree
4617,jenni
4618,atoll
4619,piety
4620,libor
4621,becta
4622,brood
4623,denon
4624,breed
4625,elena
4626,shear
4627,debit
4628,stoic
4629,chirk
4630,socit
4631,james
4632,mawes
4633,josie
4634,vague
4635,flute
4636,hilly
4637,horns
4638,willy
4639,shrug
4640,vedic
4641,hosts
4642,winds
4643,every
4644,crisp
4645,cueva
4646,tatty
4647,samba
4648,picks
4649,crete
4650,frodo
4651,nevis
4652,login
4653,gully
4654,scalp
4655,polio
4656,uncle
4657,chung
4658,hearn
4659,wynne
4660,sands
4661,cases
4662,scoot
4663,recur
4664,truro
4665,kunst
4666,coins
4667,sound
4668,lefty
4669,water
4670,comet
4671,caine
4672,shave
4673,tonne
4674,crass
4675,agora
4676,trail
4677,chris
4678,boyes
4679,wrong
4680,plaza
4681,miami
4682,tunic
4683,phone
4684,cymru
4685,snare
4686,wasnt
4687,leper
4688,spell
4689,judas
4690,renal
4691,legge
4692,hamza
4693,endow
4694,disks
4695,gould
4696,vogel
4697,roast
4698,peter
4699,visit
4700,garca
4701,lyons
4702,larks
4703,mulch
4704,volga
4705,kayak
4706,sugar
4707,ochre
4708,bears
4709,cosla
4710,primo
4711,swell
4712,geese
4713,fount
4714,stoop
4715,ghosh
4716,tabla
4717,zeiss
4718,skulk
4719,vidal
4720,owner
4721,minor
4722,dyfed
4723,broad
4724,diddy
4725,squat
4726,banff
4727,tours
4728,neame
4729,allay
4730,mange
4731,mosul
4732,roper
4733,oxley
4734,rodeo
4735,mouse
4736,lopez
4737,gamer
4738,lusty
4739,irony
4740,leith
4741,pacts
4742,munro
4743,welsh
4744,hawks
4745,waves
4746,calne
4747,aphid
4748,inlet
4749,sayin
4750,euros
4751,drive
4752,sizes
4753,totem
4754,verdi
4755,trois
4756,heath
4757,rapid
4758,gypsy
4759,board
4760,urban
4761,coney
4762,pease
4763,lever
4764,venom
4765,evans
4766,hertz
4767,salix
4768,thine
4769,freak
